model,preprocessing,metric,point_estimate,boot_mean,boot_sd,ci_low,ci_high,n_boot,n_subjects
CNN,128Hz,accuracy,0.5454545454545454,0.5448347107438016,0.04498963976998957,0.45454545454545453,0.628099173553719,2000,121
CNN,128Hz,balanced_accuracy,0.5465846994535519,0.5462321724237843,0.04296602176951282,0.4594590867374834,0.6269313832695461,2000,121
CNN,128Hz,sensitivity,0.4098360655737705,0.40943145591208235,0.06279338793238172,0.288135593220339,0.5294340463458109,2000,121
CNN,128Hz,specificity,0.6833333333333333,0.6830328889354861,0.06014310851619005,0.5625,0.8,2000,121
CNN,128Hz,precision,0.5681818181818182,0.5684572114583202,0.07391262790841474,0.42,0.7105263157894737,2000,121
CNN,128Hz,f1,0.47619047619047616,0.4735316007428796,0.05922377829177191,0.3541666666666667,0.584070796460177,2000,121
CNN,128Hz,mcc,0.09683718036162722,0.0961253097340429,0.08930435017452634,-0.0848927687017636,0.2645769684000397,2000,121
CNN,128Hz,auc,0.5573770491803278,0.5575944495657802,0.052573284064411294,0.45650225307514314,0.660442106594704,2000,121
CNN,128to512_interp,accuracy,0.5867768595041323,0.5873429752066115,0.04637299573332788,0.49586776859504134,0.6776859504132231,2000,121
CNN,128to512_interp,balanced_accuracy,0.585792349726776,0.5862683845305339,0.04539387351056574,0.4952357499603615,0.6763661202185793,2000,121
CNN,128to512_interp,sensitivity,0.7049180327868853,0.7050795853077861,0.06077704150370135,0.578125,0.8153846153846154,2000,121
CNN,128to512_interp,specificity,0.4666666666666667,0.4674571837532816,0.06677790839889723,0.3332089552238806,0.6,2000,121
CNN,128to512_interp,precision,0.5733333333333334,0.574401440512779,0.05790253110680008,0.4594435612082671,0.6875,2000,121
CNN,128to512_interp,f1,0.6323529411764706,0.631270973739855,0.04961627648488999,0.5254237288135594,0.723404255319149,2000,121
CNN,128to512_interp,mcc,0.1767297053980904,0.17765474340713974,0.09319240495643792,-0.009936748877036324,0.36038732093748377,2000,121
CNN,128to512_interp,auc,0.6306010928961748,0.6309155914077343,0.05349943065138784,0.5218397110910479,0.7321059113300491,2000,121
CNN+GNB,128Hz,accuracy,0.5454545454545454,0.5459628099173554,0.044695936924316934,0.45454545454545453,0.6283057851239658,2000,121
CNN+GNB,128Hz,balanced_accuracy,0.5419398907103825,0.541800895013112,0.02370362655186324,0.49628798558897247,0.5882996172772007,2000,121
CNN+GNB,128Hz,sensitivity,0.9672131147540983,0.9676006898611516,0.022718199803626684,0.9180327868852459,1.0,2000,121
CNN+GNB,128Hz,specificity,0.11666666666666667,0.11600110016507255,0.041276171109345484,0.0384433962264151,0.2,2000,121
CNN+GNB,128Hz,precision,0.5267857142857143,0.5273332140169122,0.04691249666783698,0.4335984214302798,0.6194690265486725,2000,121
CNN+GNB,128Hz,f1,0.6820809248554913,0.6813981244131629,0.04059893656257192,0.5962732919254659,0.7567643915101542,2000,121
CNN+GNB,128Hz,mcc,0.15983341059687933,0.15786029241718136,0.08130418947904472,-0.015130471585939817,0.2963799125464099,2000,121
CNN+GNB,128Hz,auc,0.6729508196721312,0.6734353248417695,0.04836718696013013,0.5744064528014833,0.7648035703556837,2000,121
CNN+GNB,128to512_interp,accuracy,0.6859504132231405,0.6869586776859504,0.04195801597024759,0.6033057851239669,0.768595041322314,2000,121
CNN+GNB,128to512_interp,balanced_accuracy,0.6848360655737705,0.6857853693230077,0.04034424593535216,0.6060561497326203,0.7641009852216748,2000,121
CNN+GNB,128to512_interp,sensitivity,0.819672131147541,0.8201151637723335,0.04988603147310662,0.7212933944069432,0.9122807017543859,2000,121
CNN+GNB,128to512_interp,specificity,0.55,0.5514555748736817,0.062162446110621807,0.4262295081967213,0.6727360139860139,2000,121
CNN+GNB,128to512_interp,precision,0.6493506493506493,0.6506209016537894,0.054341400618938634,0.5421561244979919,0.755821043675553,2000,121
CNN+GNB,128to512_interp,f1,0.7246376811594203,0.7241443228912874,0.04323354437613771,0.6337910798122066,0.8053691275167785,2000,121
CNN+GNB,128to512_interp,mcc,0.3842249414348435,0.3859575281839319,0.08250798641019752,0.22097120102436754,0.544044188761783,2000,121
CNN+GNB,128to512_interp,auc,0.6982240437158469,0.6993202696245856,0.0474882687736494,0.6047428681196717,0.7882135478158204,2000,121
CNN+KNN,128Hz,accuracy,0.6776859504132231,0.6799752066115702,0.042293763700103876,0.5950413223140496,0.7603305785123967,2000,121
CNN+KNN,128Hz,balanced_accuracy,0.6758196721311476,0.6779076625585628,0.03740472577632708,0.6016368760619002,0.7492003827227992,2000,121
CNN+KNN,128Hz,sensitivity,0.9016393442622951,0.901662049523235,0.038098490959815975,0.8235056925996205,0.9692307692307692,2000,121
CNN+KNN,128Hz,specificity,0.45,0.45415327559389085,0.06374788482436475,0.327263986013986,0.5781455592105262,2000,121
CNN+KNN,128Hz,precision,0.625,0.6273254324275642,0.051665489787368894,0.5238095238095238,0.7261936090225564,2000,121
CNN+KNN,128Hz,f1,0.738255033557047,0.7385689427660511,0.040424205021855564,0.6571376433785193,0.8143712574850299,2000,121
CNN+KNN,128Hz,mcc,0.39476596096222155,0.3980959601430986,0.0777899145518587,0.23617022369010474,0.5454608228634616,2000,121
CNN+KNN,128Hz,auc,0.7487704918032787,0.7506052321093303,0.04489066859123707,0.6570830958487697,0.8357991803278688,2000,121
CNN+KNN,128to512_interp,accuracy,0.7024793388429752,0.7026694214876034,0.04094744925100858,0.6198347107438017,0.7770661157024782,2000,121
CNN+KNN,128to512_interp,balanced_accuracy,0.701775956284153,0.701968198655683,0.040690380716189245,0.616472359058566,0.77969562970326,2000,121
CNN+KNN,128to512_interp,sensitivity,0.7868852459016393,0.7864311327425707,0.0518247127402195,0.6774069478908188,0.8833333333333333,2000,121
CNN+KNN,128to512_interp,specificity,0.6166666666666667,0.6175052645687954,0.06299931120321281,0.49122807017543857,0.7413793103448276,2000,121
CNN+KNN,128to512_interp,precision,0.676056338028169,0.6769796355539129,0.05542154491601405,0.5657751716247139,0.782608695652174,2000,121
CNN+KNN,128to512_interp,f1,0.7272727272727273,0.7260643444250252,0.04307533594361452,0.6341463414634146,0.802822236448997,2000,121
CNN+KNN,128to512_interp,mcc,0.4097564288054956,0.4099010163434057,0.08163984704712182,0.2388505628874648,0.5660997167584833,2000,121
CNN+KNN,128to512_interp,auc,0.7870218579234972,0.7881961876421922,0.04138524597634823,0.705018577647181,0.8636729330007127,2000,121
CNN+LR,128Hz,accuracy,0.743801652892562,0.7460537190082644,0.04019218545609213,0.6611570247933884,0.8181818181818182,2000,121
CNN+LR,128Hz,balanced_accuracy,0.7431693989071038,0.7454111335919482,0.0399195814710651,0.6621212121212121,0.8188994086619042,2000,121
CNN+LR,128Hz,sensitivity,0.819672131147541,0.8207682285803162,0.05010798184070261,0.7212786885245902,0.910753446115288,2000,121
CNN+LR,128Hz,specificity,0.6666666666666666,0.6700540386035803,0.06130015698327357,0.5483870967741935,0.7884615384615384,2000,121
CNN+LR,128Hz,precision,0.7142857142857143,0.7170777161374735,0.05477624118129053,0.6101694915254238,0.8226043643263756,2000,121
CNN+LR,128Hz,f1,0.7633587786259542,0.7640179450191644,0.04211475152253379,0.677058650378983,0.8397106934376802,2000,121
CNN+LR,128Hz,mcc,0.4924309617920604,0.49671687263013536,0.07981965843579186,0.3299845955571175,0.6461220182717455,2000,121
CNN+LR,128Hz,auc,0.7997267759562842,0.8012124815436666,0.04200209975720826,0.7125652277466206,0.8796640503789235,2000,121
CNN+LR,128to512_interp,accuracy,0.768595041322314,0.7697190082644628,0.03926229095826654,0.6859504132231405,0.8429752066115702,2000,121
CNN+LR,128to512_interp,balanced_accuracy,0.7683060109289617,0.7695153902375758,0.039342363163396225,0.6867720964380446,0.8438533240760713,2000,121
CNN+LR,128to512_interp,sensitivity,0.8032786885245902,0.8039112983378262,0.05108989027721478,0.6984052111410601,0.9014084507042254,2000,121
CNN+LR,128to512_interp,specificity,0.7333333333333333,0.7351194821373254,0.05697319368527009,0.6181818181818182,0.84375,2000,121
CNN+LR,128to512_interp,precision,0.7538461538461538,0.75553573750009,0.054227967514375794,0.6461538461538462,0.8591549295774648,2000,121
CNN+LR,128to512_interp,f1,0.7777777777777778,0.7776108132116174,0.041911302540921506,0.6851851851851852,0.8529411764705882,2000,121
CNN+LR,128to512_interp,mcc,0.5380842112412121,0.5402700686023245,0.07862886067433916,0.374102824315315,0.6869020632334379,2000,121
CNN+LR,128to512_interp,auc,0.7920765027322405,0.7933611493544418,0.04281502546680247,0.7030739882159761,0.8693155320033024,2000,121
CNN+LR_noCORAL,128Hz,accuracy,0.743801652892562,0.7460537190082644,0.04019218545609213,0.6611570247933884,0.8181818181818182,2000,121
CNN+LR_noCORAL,128Hz,balanced_accuracy,0.7431693989071038,0.7454111335919482,0.0399195814710651,0.6621212121212121,0.8188994086619042,2000,121
CNN+LR_noCORAL,128Hz,sensitivity,0.819672131147541,0.8207682285803162,0.05010798184070261,0.7212786885245902,0.910753446115288,2000,121
CNN+LR_noCORAL,128Hz,specificity,0.6666666666666666,0.6700540386035803,0.06130015698327357,0.5483870967741935,0.7884615384615384,2000,121
CNN+LR_noCORAL,128Hz,precision,0.7142857142857143,0.7170777161374735,0.05477624118129053,0.6101694915254238,0.8226043643263756,2000,121
CNN+LR_noCORAL,128Hz,f1,0.7633587786259542,0.7640179450191644,0.04211475152253379,0.677058650378983,0.8397106934376802,2000,121
CNN+LR_noCORAL,128Hz,mcc,0.4924309617920604,0.49671687263013536,0.07981965843579186,0.3299845955571175,0.6461220182717455,2000,121
CNN+LR_noCORAL,128Hz,auc,0.7997267759562842,0.8012124815436666,0.04200209975720826,0.7125652277466206,0.8796640503789235,2000,121
CNN+LR_withCORAL,128Hz,accuracy,0.7355371900826446,0.7372851239669421,0.04096854161703372,0.6528925619834711,0.8181818181818182,2000,121
CNN+LR_withCORAL,128Hz,balanced_accuracy,0.7348360655737705,0.7365466683201871,0.0405582520174527,0.6512248666188883,0.8156672644386701,2000,121
CNN+LR_withCORAL,128Hz,sensitivity,0.819672131147541,0.8207682285803162,0.05010798184070261,0.7212786885245902,0.910753446115288,2000,121
CNN+LR_withCORAL,128Hz,specificity,0.65,0.6523251080600581,0.06241080634562575,0.529390756302521,0.7719298245614035,2000,121
CNN+LR_withCORAL,128Hz,precision,0.704225352112676,0.7063780712076543,0.05509317587099943,0.5945945945945946,0.8115942028985508,2000,121
CNN+LR_withCORAL,128Hz,f1,0.7575757575757576,0.7578686229477709,0.0426069943494597,0.6666666666666666,0.8346490927764464,2000,121
CNN+LR_withCORAL,128Hz,mcc,0.47689323027531955,0.48017479959471265,0.08119095754931337,0.31355375662859364,0.6356107356626236,2000,121
CNN+LR_withCORAL,128Hz,auc,0.7975409836065572,0.7989998953944565,0.04268137543631031,0.7076877741228069,0.8764713918354228,2000,121
CNN+LinearSVM,128Hz,accuracy,0.6446280991735537,0.6467438016528926,0.04374896566146827,0.5619834710743802,0.7355371900826446,2000,121
CNN+LinearSVM,128Hz,balanced_accuracy,0.64275956284153,0.6447008209239095,0.03885634313402303,0.5668693857563039,0.7209044606794962,2000,121
CNN+LinearSVM,128Hz,sensitivity,0.8688524590163934,0.8693400209441849,0.04351691809741153,0.7812040441176471,0.9491737288135592,2000,121
CNN+LinearSVM,128Hz,specificity,0.4166666666666667,0.42006162090363386,0.06345374195333607,0.29508196721311475,0.543859649122807,2000,121
CNN+LinearSVM,128Hz,precision,0.6022727272727273,0.6043410333389984,0.05275777646492423,0.5,0.7058823529411765,2000,121
CNN+LinearSVM,128Hz,f1,0.7114093959731543,0.7116033969405967,0.04257912944702385,0.625,0.7901234567901234,2000,121
CNN+LinearSVM,128Hz,mcc,0.32053646402915426,0.32403275129399856,0.08347696187514426,0.15292312460710636,0.4877101311554364,2000,121
CNN+LinearSVM,128Hz,auc,0.8046448087431693,0.8063018994712563,0.04158644668026355,0.7194921600406154,0.8827909521498419,2000,121
CNN+LinearSVM,128to512_interp,accuracy,0.7603305785123967,0.7608388429752068,0.03906103531507139,0.6776859504132231,0.8347107438016529,2000,121
CNN+LinearSVM,128to512_interp,balanced_accuracy,0.7596994535519126,0.7602150469355758,0.03871271670785276,0.6781718992421529,0.831330073696145,2000,121
CNN+LinearSVM,128to512_interp,sensitivity,0.8360655737704918,0.835952706398843,0.04711575706562152,0.7377049180327869,0.9272727272727272,2000,121
CNN+LinearSVM,128to512_interp,specificity,0.6833333333333333,0.6844773874723086,0.059465639193526855,0.5636363636363636,0.7941865808823525,2000,121
CNN+LinearSVM,128to512_interp,precision,0.7285714285714285,0.7296250189758998,0.05345449391513613,0.6229508196721312,0.8285808270676692,2000,121
CNN+LinearSVM,128to512_interp,f1,0.7786259541984732,0.777868557874954,0.04042778427288016,0.6929133858267716,0.8489208633093526,2000,121
CNN+LinearSVM,128to512_interp,mcc,0.5259052013296106,0.5266490794147264,0.07737947416190293,0.3626140483454882,0.6674482834378889,2000,121
CNN+LinearSVM,128to512_interp,auc,0.7983606557377049,0.7996900101209417,0.04184826379784463,0.7096412110616656,0.8765906037536132,2000,121
CNN+NLSVM,128Hz,accuracy,0.6776859504132231,0.6788057851239669,0.04214644277374994,0.5950413223140496,0.7603305785123967,2000,121
CNN+NLSVM,128Hz,balanced_accuracy,0.6762295081967213,0.6771842682001518,0.039383900251955824,0.5960884353741497,0.7520905644866641,2000,121
CNN+NLSVM,128Hz,sensitivity,0.8524590163934426,0.852740254278665,0.04593364714253713,0.7611296963458569,0.9375,2000,121
CNN+NLSVM,128Hz,specificity,0.5,0.5016282821216388,0.06397536672600966,0.37312800404755886,0.625,2000,121
CNN+NLSVM,128Hz,precision,0.6341463414634146,0.6355092626425001,0.05316975542501472,0.5294117647058824,0.7349397590361446,2000,121
CNN+NLSVM,128Hz,f1,0.7272727272727273,0.7268601486902222,0.04207120591727293,0.640625,0.8050314465408805,2000,121
CNN+NLSVM,128Hz,mcc,0.377059543932919,0.3787336943965101,0.08140322461337517,0.20988209512012282,0.5356583103193086,2000,121
CNN+NLSVM,128Hz,auc,0.8218579234972678,0.8233121640579827,0.03973523533350223,0.7387342322112005,0.8963502123854236,2000,121
CNN+NLSVM,128to512_interp,accuracy,0.7603305785123967,0.761202479338843,0.0388257124907351,0.6776859504132231,0.8347107438016529,2000,121
CNN+NLSVM,128to512_interp,balanced_accuracy,0.7598360655737705,0.7607586403965113,0.038678232410621086,0.6804781224187065,0.8313492063492063,2000,121
CNN+NLSVM,128to512_interp,sensitivity,0.819672131147541,0.8199138549644458,0.04863025059427466,0.7169732704402515,0.910753446115288,2000,121
CNN+NLSVM,128to512_interp,specificity,0.7,0.7016034258285769,0.05888503487056704,0.5845833333333333,0.8113502358490565,2000,121
CNN+NLSVM,128to512_interp,precision,0.7352941176470589,0.7367944465895812,0.05368559221238754,0.6307692307692307,0.8393035714285714,2000,121
CNN+NLSVM,128to512_interp,f1,0.7751937984496124,0.774772782418127,0.040615915867083456,0.688511475409836,0.8467338859334405,2000,121
CNN+NLSVM,128to512_interp,mcc,0.5236939765630384,0.525283847175908,0.07724130788529375,0.3666493686255928,0.6674691028191636,2000,121
CNN+NLSVM,128to512_interp,auc,0.8057377049180328,0.8068424802710112,0.04101929609733135,0.7170439167604097,0.8830018605579695,2000,121
CNN+RF,128Hz,accuracy,0.6611570247933884,0.6622768595041322,0.042731460502608835,0.5785123966942148,0.743801652892562,2000,121
CNN+RF,128Hz,balanced_accuracy,0.6595628415300546,0.660501671503396,0.03934813436704093,0.5801784977832767,0.7388739389723469,2000,121
CNN+RF,128Hz,sensitivity,0.8524590163934426,0.852740254278665,0.04593364714253713,0.7611296963458569,0.9375,2000,121
CNN+RF,128Hz,specificity,0.4666666666666667,0.4682630887281272,0.06410132426097363,0.3392781476997579,0.5925925925925926,2000,121
CNN+RF,128Hz,precision,0.6190476190476191,0.6203873913716961,0.05305400737046038,0.5168446721817509,0.7229227253842956,2000,121
CNN+RF,128Hz,f1,0.7172413793103448,0.7168070503993101,0.04241997904337598,0.6259541984732825,0.7950310559006211,2000,121
CNN+RF,128Hz,mcc,0.3463074185251443,0.34796128425516415,0.0824437743080048,0.17893678466832402,0.5108924314883098,2000,121
CNN+RF,128Hz,auc,0.7972677595628416,0.7989188566021675,0.04236961339191764,0.707168564429729,0.8776007896458693,2000,121
CNN+RF,128to512_interp,accuracy,0.743801652892562,0.7437933884297521,0.03866761806522779,0.6694214876033058,0.8181818181818182,2000,121
CNN+RF,128to512_interp,balanced_accuracy,0.7433060109289618,0.7433718644332538,0.03868370932614616,0.6683112686942767,0.8184813101901144,2000,121
CNN+RF,128to512_interp,sensitivity,0.8032786885245902,0.8032183227907691,0.05035315271860529,0.6964091614906832,0.896564401622718,2000,121
CNN+RF,128to512_interp,specificity,0.6833333333333333,0.6835254060757386,0.059071269214423995,0.5689655172413793,0.7963107638888888,2000,121
CNN+RF,128to512_interp,precision,0.7205882352941176,0.721112816768905,0.0538066223848815,0.6153846153846154,0.8208955223880597,2000,121
CNN+RF,128to512_interp,f1,0.7596899224806202,0.7585000110509192,0.040965473023041654,0.6769117647058824,0.8344394682929154,2000,121
CNN+RF,128to512_interp,mcc,0.49037800854824987,0.49032856581051865,0.0773276080574672,0.33806597881750267,0.6379368271012331,2000,121
CNN+RF,128to512_interp,auc,0.8036885245901639,0.8048938736359141,0.042010720014384446,0.7124909445051941,0.881643404488232,2000,121
DeepConvNet,128Hz,accuracy,0.5867768595041323,0.5861322314049587,0.04560824202927907,0.49586776859504134,0.6694214876033058,2000,121
DeepConvNet,128Hz,balanced_accuracy,0.5887978142076503,0.5884438782952008,0.039207430747200275,0.5111878075451066,0.662521750851653,2000,121
DeepConvNet,128Hz,sensitivity,0.3442622950819672,0.34240176996349897,0.06077757093227232,0.2222222222222222,0.4590489201144937,2000,121
DeepConvNet,128Hz,specificity,0.8333333333333334,0.834485986626903,0.04853117940773012,0.7358351831298556,0.921875,2000,121
DeepConvNet,128Hz,precision,0.6774193548387096,0.6783988838221113,0.08533649547873494,0.5151515151515151,0.8333333333333334,2000,121
DeepConvNet,128Hz,f1,0.45652173913043476,0.4524290901535488,0.06510797315064674,0.31815410199556543,0.5714285714285714,2000,121
DeepConvNet,128Hz,mcc,0.2034092564670248,0.20270889427108937,0.08840934194260916,0.025598111417578038,0.3650729851154067,2000,121
DeepConvNet,128Hz,auc,0.6153005464480874,0.6153310243748303,0.05327240588882019,0.5066036427870284,0.7186600957884779,2000,121
EEGNet,128Hz,accuracy,0.7933884297520661,0.7948677685950414,0.036411462726097285,0.71900826446281,0.859504132231405,2000,121
EEGNet,128Hz,balanced_accuracy,0.79275956284153,0.7942769966217768,0.03597431058434104,0.7226087848932676,0.8618449700395353,2000,121
EEGNet,128Hz,sensitivity,0.8688524590163934,0.8707491277886986,0.04230886778067631,0.7868559718969554,0.9482977790765633,2000,121
EEGNet,128Hz,specificity,0.7166666666666667,0.7178048654548551,0.05848567345262785,0.5964912280701754,0.8245822890559732,2000,121
EEGNet,128Hz,precision,0.7571428571428571,0.7586708448401528,0.051639494055409886,0.65625,0.8550772311212814,2000,121
EEGNet,128Hz,f1,0.8091603053435115,0.8096302989655663,0.037154163188357375,0.7317073170731707,0.8769424460431654,2000,121
EEGNet,128Hz,mcc,0.592853680404711,0.5958359309098142,0.07112062877133245,0.45210922711818163,0.7286034726011406,2000,121
EEGNet,128Hz,auc,0.9019125683060109,0.9025688769806754,0.026336481497978768,0.8440482796892341,0.9489186900499789,2000,121
EEGNet,128to512_interp,accuracy,0.7355371900826446,0.7362768595041321,0.04078618296832404,0.6528925619834711,0.8181818181818182,2000,121
EEGNet,128to512_interp,balanced_accuracy,0.7345628415300547,0.735338009655675,0.039350791814586804,0.6548930481283423,0.8151515151515152,2000,121
EEGNet,128to512_interp,sensitivity,0.8524590163934426,0.8537699109347333,0.045214228789998125,0.7592592592592593,0.9384615384615385,2000,121
EEGNet,128to512_interp,specificity,0.6166666666666667,0.6169061083766169,0.06395165853163327,0.48968337334933976,0.7377049180327869,2000,121
EEGNet,128to512_interp,precision,0.6933333333333334,0.6942088410193036,0.054717438440750804,0.5853470919324577,0.8026315789473685,2000,121
EEGNet,128to512_interp,f1,0.7647058823529411,0.7643666548724471,0.04112444360745358,0.6811517113783534,0.8435600907029478,2000,121
EEGNet,128to512_interp,mcc,0.48319252256133954,0.4847464665227792,0.07874932710926508,0.327627453898079,0.6424045933605427,2000,121
EEGNet,128to512_interp,auc,0.8461748633879782,0.846752602753757,0.03524332460646937,0.7736235557410317,0.9115747075825317,2000,121
ShallowConvNet,128Hz,accuracy,0.7355371900826446,0.7347809917355372,0.04011809606298815,0.6528925619834711,0.8099173553719008,2000,121
ShallowConvNet,128Hz,balanced_accuracy,0.7366120218579235,0.7360593525544541,0.03825821769126207,0.6596994535519126,0.8107200554536956,2000,121
ShallowConvNet,128Hz,sensitivity,0.6065573770491803,0.6063647863681743,0.06358805645845958,0.4782608695652174,0.7272727272727273,2000,121
ShallowConvNet,128Hz,specificity,0.8666666666666667,0.8657539187407339,0.043638427523262836,0.7777777777777778,0.9464520676691728,2000,121
ShallowConvNet,128Hz,precision,0.8222222222222222,0.8214601318895561,0.0567394253269347,0.7083079268292684,0.9268403547671841,2000,121
ShallowConvNet,128Hz,f1,0.6981132075471698,0.6956522724588124,0.051546215898233466,0.5908422459893048,0.7933884297520661,2000,121
ShallowConvNet,128Hz,mcc,0.4895468855311906,0.48802293093567317,0.07619847860873924,0.3357511228613783,0.6340135576231656,2000,121
ShallowConvNet,128Hz,auc,0.8628415300546448,0.8626568576471281,0.034857973421409914,0.7910346665686345,0.9274854116625275,2000,121
